timestamp,name,business,phone,caller_id,outcome,seconds,call_sid
2026-09-30T08:10:21,Maria Carter,Prime Flooring Co.,+15550113943,+17174231319,Failed,,CAa620eb7051df8101afa6ce722f673065
2026-09-30T08:10:21,Daniel Edwards,Iron Epoxy Floors,+15550118779,+17174231319,Failed,,CA53b3b4a70a2d30b2559f233a802bdf52
2026-09-30T08:10:21,Matt Brooks,Pinnacle Epoxy Floors,+15550182181,+17174231319,Failed,,CA27d64bc6f04762d8c84e00f56cb98274
2026-09-30T08:10:23,Lauren Walker,Granite Garage Coatings,+15550199358,+17174231319,Failed,,CAf1eae639521ab2be29fd418ff2355dcc
2026-09-30T08:10:24,Ryan Brooks,Coastal Floor Systems,+15550178711,+17174231319,Failed,,CA7510e4c00672d1fbb6e8ce5d17bbd7f6
2026-09-30T08:10:27,Robert Reyes,Prime Epoxy Floors,+15550192028,+17174231319,Failed,,CA109465e73c8d51294c7895ce9126035d
2026-09-30T08:10:27,Kevin Garcia,Metro Garage Coatings,+15550181028,+17174231319,Failed,,CAae47d7eccfd3dfc5cec8e9b5e9f9d595
2026-09-30T08:10:30,Ashley Jensen,Pinnacle Concrete Coatings,+15550131341,+17174231319,Failed,,CAb05a9a90182a08e44252ca5189789648
2026-09-30T08:10:31,Amanda Turner,Titan Garage Coatings,+15550186850,+17174231319,Failed,,CAef80f6d467250f538188a91d48dc3e4e
2026-09-30T08:10:33,Linda Lopez,Alpha Epoxy Floors,+15550183517,+17174231319,Failed,,CA52fb5dc927a003f09ccaa9f03a7712ce
2026-09-30T08:10:33,Amanda Nguyen,Elite Garage Coatings,+15550195054,+17174231319,Failed,,CA15332b00101c0dbee58a3650524afa15
